material_id,component,min,max,nominal,uncertainty,basis,data_kind,source_id,source_locator,notes,raw_source_file,raw_sheet,raw_row_number,raw_row_json
MAT-IN718,Ni+Co,50,55,,,mass %,specification,SRC-IN718-SMC,p.3 Table 1,,alloy_material_dataset_v0.1.xlsx,Composition_Long,4,"{""basis"": ""mass %"", ""component"": ""Ni+Co"", ""data_kind"": ""specification"", ""material_id"": ""MAT-IN718"", ""max"": ""55"", ""min"": ""50"", ""nominal"": """", ""notes"": """", ""source_id"": ""SRC-IN718-SMC"", ""source_locator"": ""p.3 Table 1"", ""uncertainty"": """"}"
MAT-IN718,Cr,17,21,,,mass %,specification,SRC-IN718-SMC,p.3 Table 1,,alloy_material_dataset_v0.1.xlsx,Composition_Long,5,"{""basis"": ""mass %"", ""component"": ""Cr"", ""data_kind"": ""specification"", ""material_id"": ""MAT-IN718"", ""max"": ""21"", ""min"": ""17"", ""nominal"": """", ""notes"": """", ""source_id"": ""SRC-IN718-SMC"", ""source_locator"": ""p.3 Table 1"", ""uncertainty"": """"}"
MAT-IN718,Fe,,,,,mass %,specification,SRC-IN718-SMC,p.3 Table 1,balance,alloy_material_dataset_v0.1.xlsx,Composition_Long,6,"{""basis"": ""mass %"", ""component"": ""Fe"", ""data_kind"": ""specification"", ""material_id"": ""MAT-IN718"", ""max"": """", ""min"": """", ""nominal"": """", ""notes"": ""balance"", ""source_id"": ""SRC-IN718-SMC"", ""source_locator"": ""p.3 Table 1"", ""uncertainty"": """"}"
MAT-IN718,Nb+Ta,4.75,5.5,,,mass %,specification,SRC-IN718-SMC,p.3 Table 1,,alloy_material_dataset_v0.1.xlsx,Composition_Long,7,"{""basis"": ""mass %"", ""component"": ""Nb+Ta"", ""data_kind"": ""specification"", ""material_id"": ""MAT-IN718"", ""max"": ""5.5"", ""min"": ""4.75"", ""nominal"": """", ""notes"": """", ""source_id"": ""SRC-IN718-SMC"", ""source_locator"": ""p.3 Table 1"", ""uncertainty"": """"}"
MAT-IN718,Mo,2.8,3.3,,,mass %,specification,SRC-IN718-SMC,p.3 Table 1,,alloy_material_dataset_v0.1.xlsx,Composition_Long,8,"{""basis"": ""mass %"", ""component"": ""Mo"", ""data_kind"": ""specification"", ""material_id"": ""MAT-IN718"", ""max"": ""3.3"", ""min"": ""2.8"", ""nominal"": """", ""notes"": """", ""source_id"": ""SRC-IN718-SMC"", ""source_locator"": ""p.3 Table 1"", ""uncertainty"": """"}"
MAT-IN718,Ti,0.65,1.15,,,mass %,specification,SRC-IN718-SMC,p.3 Table 1,,alloy_material_dataset_v0.1.xlsx,Composition_Long,9,"{""basis"": ""mass %"", ""component"": ""Ti"", ""data_kind"": ""specification"", ""material_id"": ""MAT-IN718"", ""max"": ""1.15"", ""min"": ""0.65"", ""nominal"": """", ""notes"": """", ""source_id"": ""SRC-IN718-SMC"", ""source_locator"": ""p.3 Table 1"", ""uncertainty"": """"}"
MAT-IN718,Al,0.2,0.8,,,mass %,specification,SRC-IN718-SMC,p.3 Table 1,,alloy_material_dataset_v0.1.xlsx,Composition_Long,10,"{""basis"": ""mass %"", ""component"": ""Al"", ""data_kind"": ""specification"", ""material_id"": ""MAT-IN718"", ""max"": ""0.8"", ""min"": ""0.2"", ""nominal"": """", ""notes"": """", ""source_id"": ""SRC-IN718-SMC"", ""source_locator"": ""p.3 Table 1"", ""uncertainty"": """"}"
MAT-IN718,Co,,1,,,mass %,specification,SRC-IN718-SMC,p.3 Table 1,,alloy_material_dataset_v0.1.xlsx,Composition_Long,11,"{""basis"": ""mass %"", ""component"": ""Co"", ""data_kind"": ""specification"", ""material_id"": ""MAT-IN718"", ""max"": ""1"", ""min"": """", ""nominal"": """", ""notes"": """", ""source_id"": ""SRC-IN718-SMC"", ""source_locator"": ""p.3 Table 1"", ""uncertainty"": """"}"
MAT-IN718,C,,0.08,,,mass %,specification,SRC-IN718-SMC,p.3 Table 1,,alloy_material_dataset_v0.1.xlsx,Composition_Long,12,"{""basis"": ""mass %"", ""component"": ""C"", ""data_kind"": ""specification"", ""material_id"": ""MAT-IN718"", ""max"": ""0.08"", ""min"": """", ""nominal"": """", ""notes"": """", ""source_id"": ""SRC-IN718-SMC"", ""source_locator"": ""p.3 Table 1"", ""uncertainty"": """"}"
MAT-IN718,Mn,,0.35,,,mass %,specification,SRC-IN718-SMC,p.3 Table 1,,alloy_material_dataset_v0.1.xlsx,Composition_Long,13,"{""basis"": ""mass %"", ""component"": ""Mn"", ""data_kind"": ""specification"", ""material_id"": ""MAT-IN718"", ""max"": ""0.35"", ""min"": """", ""nominal"": """", ""notes"": """", ""source_id"": ""SRC-IN718-SMC"", ""source_locator"": ""p.3 Table 1"", ""uncertainty"": """"}"
MAT-IN718,Si,,0.35,,,mass %,specification,SRC-IN718-SMC,p.3 Table 1,,alloy_material_dataset_v0.1.xlsx,Composition_Long,14,"{""basis"": ""mass %"", ""component"": ""Si"", ""data_kind"": ""specification"", ""material_id"": ""MAT-IN718"", ""max"": ""0.35"", ""min"": """", ""nominal"": """", ""notes"": """", ""source_id"": ""SRC-IN718-SMC"", ""source_locator"": ""p.3 Table 1"", ""uncertainty"": """"}"
MAT-IN718,P,,0.015,,,mass %,specification,SRC-IN718-SMC,p.3 Table 1,,alloy_material_dataset_v0.1.xlsx,Composition_Long,15,"{""basis"": ""mass %"", ""component"": ""P"", ""data_kind"": ""specification"", ""material_id"": ""MAT-IN718"", ""max"": ""0.015"", ""min"": """", ""nominal"": """", ""notes"": """", ""source_id"": ""SRC-IN718-SMC"", ""source_locator"": ""p.3 Table 1"", ""uncertainty"": """"}"
MAT-IN718,S,,0.015,,,mass %,specification,SRC-IN718-SMC,p.3 Table 1,,alloy_material_dataset_v0.1.xlsx,Composition_Long,16,"{""basis"": ""mass %"", ""component"": ""S"", ""data_kind"": ""specification"", ""material_id"": ""MAT-IN718"", ""max"": ""0.015"", ""min"": """", ""nominal"": """", ""notes"": """", ""source_id"": ""SRC-IN718-SMC"", ""source_locator"": ""p.3 Table 1"", ""uncertainty"": """"}"
MAT-IN718,B,,0.006,,,mass %,specification,SRC-IN718-SMC,p.3 Table 1,,alloy_material_dataset_v0.1.xlsx,Composition_Long,17,"{""basis"": ""mass %"", ""component"": ""B"", ""data_kind"": ""specification"", ""material_id"": ""MAT-IN718"", ""max"": ""0.006"", ""min"": """", ""nominal"": """", ""notes"": """", ""source_id"": ""SRC-IN718-SMC"", ""source_locator"": ""p.3 Table 1"", ""uncertainty"": """"}"
MAT-IN718,Cu,,0.3,,,mass %,specification,SRC-IN718-SMC,p.3 Table 1,,alloy_material_dataset_v0.1.xlsx,Composition_Long,18,"{""basis"": ""mass %"", ""component"": ""Cu"", ""data_kind"": ""specification"", ""material_id"": ""MAT-IN718"", ""max"": ""0.3"", ""min"": """", ""nominal"": """", ""notes"": """", ""source_id"": ""SRC-IN718-SMC"", ""source_locator"": ""p.3 Table 1"", ""uncertainty"": """"}"
MAT-316L-SRM1155A,C,,,0.026,0.0036,mass %,measured,SRC-316L-PICHLER,Table 1,,alloy_material_dataset_v0.1.xlsx,Composition_Long,19,"{""basis"": ""mass %"", ""component"": ""C"", ""data_kind"": ""measured"", ""material_id"": ""MAT-316L-SRM1155A"", ""max"": """", ""min"": """", ""nominal"": ""0.026"", ""notes"": """", ""source_id"": ""SRC-316L-PICHLER"", ""source_locator"": ""Table 1"", ""uncertainty"": ""0.0036""}"
MAT-316L-SRM1155A,Co,,,0.225,0.018,mass %,measured,SRC-316L-PICHLER,Table 1,,alloy_material_dataset_v0.1.xlsx,Composition_Long,20,"{""basis"": ""mass %"", ""component"": ""Co"", ""data_kind"": ""measured"", ""material_id"": ""MAT-316L-SRM1155A"", ""max"": """", ""min"": """", ""nominal"": ""0.225"", ""notes"": """", ""source_id"": ""SRC-316L-PICHLER"", ""source_locator"": ""Table 1"", ""uncertainty"": ""0.018""}"
MAT-316L-SRM1155A,Cr,,,17.803,0.099,mass %,measured,SRC-316L-PICHLER,Table 1,,alloy_material_dataset_v0.1.xlsx,Composition_Long,21,"{""basis"": ""mass %"", ""component"": ""Cr"", ""data_kind"": ""measured"", ""material_id"": ""MAT-316L-SRM1155A"", ""max"": """", ""min"": """", ""nominal"": ""17.803"", ""notes"": """", ""source_id"": ""SRC-316L-PICHLER"", ""source_locator"": ""Table 1"", ""uncertainty"": ""0.099""}"
MAT-316L-SRM1155A,Cu,,,0.2431,0.005,mass %,measured,SRC-316L-PICHLER,Table 1,,alloy_material_dataset_v0.1.xlsx,Composition_Long,22,"{""basis"": ""mass %"", ""component"": ""Cu"", ""data_kind"": ""measured"", ""material_id"": ""MAT-316L-SRM1155A"", ""max"": """", ""min"": """", ""nominal"": ""0.2431"", ""notes"": """", ""source_id"": ""SRC-316L-PICHLER"", ""source_locator"": ""Table 1"", ""uncertainty"": ""0.005""}"
MAT-316L-SRM1155A,Fe,,,64.71,0.12,mass %,measured,SRC-316L-PICHLER,Table 1,,alloy_material_dataset_v0.1.xlsx,Composition_Long,23,"{""basis"": ""mass %"", ""component"": ""Fe"", ""data_kind"": ""measured"", ""material_id"": ""MAT-316L-SRM1155A"", ""max"": """", ""min"": """", ""nominal"": ""64.71"", ""notes"": """", ""source_id"": ""SRC-316L-PICHLER"", ""source_locator"": ""Table 1"", ""uncertainty"": ""0.12""}"
MAT-316L-SRM1155A,Mn,,,1.593,0.06,mass %,measured,SRC-316L-PICHLER,Table 1,,alloy_material_dataset_v0.1.xlsx,Composition_Long,24,"{""basis"": ""mass %"", ""component"": ""Mn"", ""data_kind"": ""measured"", ""material_id"": ""MAT-316L-SRM1155A"", ""max"": """", ""min"": """", ""nominal"": ""1.593"", ""notes"": """", ""source_id"": ""SRC-316L-PICHLER"", ""source_locator"": ""Table 1"", ""uncertainty"": ""0.06""}"
MAT-316L-SRM1155A,Mo,,,2.188,0.015,mass %,measured,SRC-316L-PICHLER,Table 1,,alloy_material_dataset_v0.1.xlsx,Composition_Long,25,"{""basis"": ""mass %"", ""component"": ""Mo"", ""data_kind"": ""measured"", ""material_id"": ""MAT-316L-SRM1155A"", ""max"": """", ""min"": """", ""nominal"": ""2.188"", ""notes"": """", ""source_id"": ""SRC-316L-PICHLER"", ""source_locator"": ""Table 1"", ""uncertainty"": ""0.015""}"
MAT-316L-SRM1155A,Nb,,,0.0082,0.0014,mass %,measured,SRC-316L-PICHLER,Table 1,,alloy_material_dataset_v0.1.xlsx,Composition_Long,26,"{""basis"": ""mass %"", ""component"": ""Nb"", ""data_kind"": ""measured"", ""material_id"": ""MAT-316L-SRM1155A"", ""max"": """", ""min"": """", ""nominal"": ""0.0082"", ""notes"": """", ""source_id"": ""SRC-316L-PICHLER"", ""source_locator"": ""Table 1"", ""uncertainty"": ""0.0014""}"
MAT-316L-SRM1155A,Ni,,,12.471,0.056,mass %,measured,SRC-316L-PICHLER,Table 1,,alloy_material_dataset_v0.1.xlsx,Composition_Long,27,"{""basis"": ""mass %"", ""component"": ""Ni"", ""data_kind"": ""measured"", ""material_id"": ""MAT-316L-SRM1155A"", ""max"": """", ""min"": """", ""nominal"": ""12.471"", ""notes"": """", ""source_id"": ""SRC-316L-PICHLER"", ""source_locator"": ""Table 1"", ""uncertainty"": ""0.056""}"
MAT-316L-SRM1155A,P,,,0.0271,0.0012,mass %,measured,SRC-316L-PICHLER,Table 1,,alloy_material_dataset_v0.1.xlsx,Composition_Long,28,"{""basis"": ""mass %"", ""component"": ""P"", ""data_kind"": ""measured"", ""material_id"": ""MAT-316L-SRM1155A"", ""max"": """", ""min"": """", ""nominal"": ""0.0271"", ""notes"": """", ""source_id"": ""SRC-316L-PICHLER"", ""source_locator"": ""Table 1"", ""uncertainty"": ""0.0012""}"
MAT-316L-SRM1155A,Si,,,0.521,0.017,mass %,measured,SRC-316L-PICHLER,Table 1,,alloy_material_dataset_v0.1.xlsx,Composition_Long,29,"{""basis"": ""mass %"", ""component"": ""Si"", ""data_kind"": ""measured"", ""material_id"": ""MAT-316L-SRM1155A"", ""max"": """", ""min"": """", ""nominal"": ""0.521"", ""notes"": """", ""source_id"": ""SRC-316L-PICHLER"", ""source_locator"": ""Table 1"", ""uncertainty"": ""0.017""}"
MAT-316L-SRM1155A,Ti,,,0.0039,0.0012,mass %,measured,SRC-316L-PICHLER,Table 1,,alloy_material_dataset_v0.1.xlsx,Composition_Long,30,"{""basis"": ""mass %"", ""component"": ""Ti"", ""data_kind"": ""measured"", ""material_id"": ""MAT-316L-SRM1155A"", ""max"": """", ""min"": """", ""nominal"": ""0.0039"", ""notes"": """", ""source_id"": ""SRC-316L-PICHLER"", ""source_locator"": ""Table 1"", ""uncertainty"": ""0.0012""}"
MAT-316L-SRM1155A,V,,,0.0725,0.0046,mass %,measured,SRC-316L-PICHLER,Table 1,,alloy_material_dataset_v0.1.xlsx,Composition_Long,31,"{""basis"": ""mass %"", ""component"": ""V"", ""data_kind"": ""measured"", ""material_id"": ""MAT-316L-SRM1155A"", ""max"": """", ""min"": """", ""nominal"": ""0.0725"", ""notes"": """", ""source_id"": ""SRC-316L-PICHLER"", ""source_locator"": ""Table 1"", ""uncertainty"": ""0.0046""}"
MAT-316L-SRM1155A,W,,,0.0809,0.0059,mass %,measured,SRC-316L-PICHLER,Table 1,,alloy_material_dataset_v0.1.xlsx,Composition_Long,32,"{""basis"": ""mass %"", ""component"": ""W"", ""data_kind"": ""measured"", ""material_id"": ""MAT-316L-SRM1155A"", ""max"": """", ""min"": """", ""nominal"": ""0.0809"", ""notes"": """", ""source_id"": ""SRC-316L-PICHLER"", ""source_locator"": ""Table 1"", ""uncertainty"": ""0.0059""}"
MAT-316L-SRM1155A,O,,,0.003,,mass %,measured,SRC-316L-PICHLER,Table 1,estimated,alloy_material_dataset_v0.1.xlsx,Composition_Long,33,"{""basis"": ""mass %"", ""component"": ""O"", ""data_kind"": ""measured"", ""material_id"": ""MAT-316L-SRM1155A"", ""max"": """", ""min"": """", ""nominal"": ""0.003"", ""notes"": ""estimated"", ""source_id"": ""SRC-316L-PICHLER"", ""source_locator"": ""Table 1"", ""uncertainty"": """"}"
MAT-TI64,Al,5.5,6.75,,,mass %,specification,SRC-TI64-TIMET,p.1 Table 1,,alloy_material_dataset_v0.1.xlsx,Composition_Long,34,"{""basis"": ""mass %"", ""component"": ""Al"", ""data_kind"": ""specification"", ""material_id"": ""MAT-TI64"", ""max"": ""6.75"", ""min"": ""5.5"", ""nominal"": """", ""notes"": """", ""source_id"": ""SRC-TI64-TIMET"", ""source_locator"": ""p.1 Table 1"", ""uncertainty"": """"}"
MAT-TI64,V,3.5,4.5,,,mass %,specification,SRC-TI64-TIMET,p.1 Table 1,,alloy_material_dataset_v0.1.xlsx,Composition_Long,35,"{""basis"": ""mass %"", ""component"": ""V"", ""data_kind"": ""specification"", ""material_id"": ""MAT-TI64"", ""max"": ""4.5"", ""min"": ""3.5"", ""nominal"": """", ""notes"": """", ""source_id"": ""SRC-TI64-TIMET"", ""source_locator"": ""p.1 Table 1"", ""uncertainty"": """"}"
MAT-TI64,Fe,,0.3,,,mass %,specification,SRC-TI64-TIMET,p.1 Table 1,,alloy_material_dataset_v0.1.xlsx,Composition_Long,36,"{""basis"": ""mass %"", ""component"": ""Fe"", ""data_kind"": ""specification"", ""material_id"": ""MAT-TI64"", ""max"": ""0.3"", ""min"": """", ""nominal"": """", ""notes"": """", ""source_id"": ""SRC-TI64-TIMET"", ""source_locator"": ""p.1 Table 1"", ""uncertainty"": """"}"
MAT-TI64,O,,0.2,,,mass %,specification,SRC-TI64-TIMET,p.1 Table 1,,alloy_material_dataset_v0.1.xlsx,Composition_Long,37,"{""basis"": ""mass %"", ""component"": ""O"", ""data_kind"": ""specification"", ""material_id"": ""MAT-TI64"", ""max"": ""0.2"", ""min"": """", ""nominal"": """", ""notes"": """", ""source_id"": ""SRC-TI64-TIMET"", ""source_locator"": ""p.1 Table 1"", ""uncertainty"": """"}"
MAT-TI64,C,,0.08,,,mass %,specification,SRC-TI64-TIMET,p.1 Table 1,,alloy_material_dataset_v0.1.xlsx,Composition_Long,38,"{""basis"": ""mass %"", ""component"": ""C"", ""data_kind"": ""specification"", ""material_id"": ""MAT-TI64"", ""max"": ""0.08"", ""min"": """", ""nominal"": """", ""notes"": """", ""source_id"": ""SRC-TI64-TIMET"", ""source_locator"": ""p.1 Table 1"", ""uncertainty"": """"}"
MAT-TI64,N,,0.05,,,mass %,specification,SRC-TI64-TIMET,p.1 Table 1,,alloy_material_dataset_v0.1.xlsx,Composition_Long,39,"{""basis"": ""mass %"", ""component"": ""N"", ""data_kind"": ""specification"", ""material_id"": ""MAT-TI64"", ""max"": ""0.05"", ""min"": """", ""nominal"": """", ""notes"": """", ""source_id"": ""SRC-TI64-TIMET"", ""source_locator"": ""p.1 Table 1"", ""uncertainty"": """"}"
MAT-TI64,H,,0.015,,,mass %,specification,SRC-TI64-TIMET,p.1 Table 1,,alloy_material_dataset_v0.1.xlsx,Composition_Long,40,"{""basis"": ""mass %"", ""component"": ""H"", ""data_kind"": ""specification"", ""material_id"": ""MAT-TI64"", ""max"": ""0.015"", ""min"": """", ""nominal"": """", ""notes"": """", ""source_id"": ""SRC-TI64-TIMET"", ""source_locator"": ""p.1 Table 1"", ""uncertainty"": """"}"
MAT-TI64,Y,,0.005,,,mass %,specification,SRC-TI64-TIMET,p.1 Table 1,,alloy_material_dataset_v0.1.xlsx,Composition_Long,41,"{""basis"": ""mass %"", ""component"": ""Y"", ""data_kind"": ""specification"", ""material_id"": ""MAT-TI64"", ""max"": ""0.005"", ""min"": """", ""nominal"": """", ""notes"": """", ""source_id"": ""SRC-TI64-TIMET"", ""source_locator"": ""p.1 Table 1"", ""uncertainty"": """"}"
MAT-TI64,Residual each,,0.1,,,mass %,specification,SRC-TI64-TIMET,p.1 Table 1,,alloy_material_dataset_v0.1.xlsx,Composition_Long,42,"{""basis"": ""mass %"", ""component"": ""Residual each"", ""data_kind"": ""specification"", ""material_id"": ""MAT-TI64"", ""max"": ""0.1"", ""min"": """", ""nominal"": """", ""notes"": """", ""source_id"": ""SRC-TI64-TIMET"", ""source_locator"": ""p.1 Table 1"", ""uncertainty"": """"}"
MAT-TI64,Residual total,,0.4,,,mass %,specification,SRC-TI64-TIMET,p.1 Table 1,,alloy_material_dataset_v0.1.xlsx,Composition_Long,43,"{""basis"": ""mass %"", ""component"": ""Residual total"", ""data_kind"": ""specification"", ""material_id"": ""MAT-TI64"", ""max"": ""0.4"", ""min"": """", ""nominal"": """", ""notes"": """", ""source_id"": ""SRC-TI64-TIMET"", ""source_locator"": ""p.1 Table 1"", ""uncertainty"": """"}"
MAT-TI64,Ti,,,,,mass %,specification,SRC-TI64-TIMET,p.1 Table 1,remainder,alloy_material_dataset_v0.1.xlsx,Composition_Long,44,"{""basis"": ""mass %"", ""component"": ""Ti"", ""data_kind"": ""specification"", ""material_id"": ""MAT-TI64"", ""max"": """", ""min"": """", ""nominal"": """", ""notes"": ""remainder"", ""source_id"": ""SRC-TI64-TIMET"", ""source_locator"": ""p.1 Table 1"", ""uncertainty"": """"}"
